accuracy,brier,logloss,auc,best_iteration,num_features,train_samples,val_samples,test_accuracy,test_brier,test_logloss,test_auc,test_samples,params,test_season,config_id
0.6574440052700923,0.21844639096177995,0.6279029210650687,0.7271930935494765,99,11,3034,759,0.7473684210526316,0.2022055417420388,0.5942315034341434,0.8171834625322998,285,"{'max_depth': 3, 'learning_rate': 0.01, 'num_boost_round': 100, 'subsample': 0.7, 'colsample_bytree': 0.7, 'objective': 'binary:logistic', 'eval_metric': 'logloss', 'early_stopping_rounds': 50}",2024,1
0.6587615283267457,0.21806095536386563,0.6271177276029718,0.7268588877631431,99,11,3034,759,0.7508771929824561,0.2006318621852995,0.5908999246142144,0.8204134366925065,285,"{'max_depth': 3, 'learning_rate': 0.01, 'num_boost_round': 100, 'subsample': 0.7, 'colsample_bytree': 0.8, 'objective': 'binary:logistic', 'eval_metric': 'logloss', 'early_stopping_rounds': 50}",2024,2
0.6693017127799736,0.21882745591767405,0.6286703310479155,0.7245335190813913,99,11,3034,759,0.7508771929824561,0.20244103602410746,0.5947610450531261,0.8143013317431921,285,"{'max_depth': 3, 'learning_rate': 0.01, 'num_boost_round': 100, 'subsample': 0.8, 'colsample_bytree': 0.7, 'objective': 'binary:logistic', 'eval_metric': 'logloss', 'early_stopping_rounds': 50}",2024,3
0.6640316205533597,0.2183956602830216,0.6277108777532372,0.7235449735449735,99,11,3034,759,0.7508771929824561,0.20124663271684026,0.5921663629649438,0.8164380838799443,285,"{'max_depth': 3, 'learning_rate': 0.01, 'num_boost_round': 100, 'subsample': 0.8, 'colsample_bytree': 0.8, 'objective': 'binary:logistic', 'eval_metric': 'logloss', 'early_stopping_rounds': 50}",2024,4
0.6640316205533597,0.2058710200746548,0.5974919520822757,0.7367021276595744,298,11,3034,759,0.7649122807017544,0.17864595630121313,0.5386176416626307,0.8210097396143908,285,"{'max_depth': 3, 'learning_rate': 0.01, 'num_boost_round': 300, 'subsample': 0.7, 'colsample_bytree': 0.7, 'objective': 'binary:logistic', 'eval_metric': 'logloss', 'early_stopping_rounds': 50}",2024,5
0.6640316205533597,0.2056587062593119,0.5969835127810804,0.7370398514015536,298,11,3034,759,0.7614035087719299,0.17718131814087335,0.5351959305085154,0.8225501888292586,285,"{'max_depth': 3, 'learning_rate': 0.01, 'num_boost_round': 300, 'subsample': 0.7, 'colsample_bytree': 0.8, 'objective': 'binary:logistic', 'eval_metric': 'logloss', 'early_stopping_rounds': 50}",2024,6
0.6627140974967062,0.2058131035309433,0.5974612074751419,0.7372438928289992,299,11,3034,759,0.7719298245614035,0.17924020299321475,0.5400604911476276,0.8206122043331344,285,"{'max_depth': 3, 'learning_rate': 0.01, 'num_boost_round': 300, 'subsample': 0.8, 'colsample_bytree': 0.7, 'objective': 'binary:logistic', 'eval_metric': 'logloss', 'early_stopping_rounds': 50}",2024,7
0.6640316205533597,0.20572087071525055,0.5971819459876292,0.7372509287402904,298,11,3034,759,0.7684210526315789,0.17852573849742287,0.5382279850519467,0.8207115881534486,285,"{'max_depth': 3, 'learning_rate': 0.01, 'num_boost_round': 300, 'subsample': 0.8, 'colsample_bytree': 0.8, 'objective': 'binary:logistic', 'eval_metric': 'logloss', 'early_stopping_rounds': 50}",2024,8
0.6613965744400527,0.20426008637061596,0.5925347793473067,0.739340594393786,499,11,3034,759,0.7543859649122807,0.17475286694917982,0.5275266696239763,0.8201649771417213,285,"{'max_depth': 3, 'learning_rate': 0.01, 'num_boost_round': 500, 'subsample': 0.7, 'colsample_bytree': 0.7, 'objective': 'binary:logistic', 'eval_metric': 'logloss', 'early_stopping_rounds': 50}",2024,9
0.6666666666666666,0.20427875048225333,0.5925246291392982,0.7399386468535405,499,11,3034,759,0.7543859649122807,0.17374899615948347,0.5251201499457966,0.8210097396143907,285,"{'max_depth': 3, 'learning_rate': 0.01, 'num_boost_round': 500, 'subsample': 0.7, 'colsample_bytree': 0.8, 'objective': 'binary:logistic', 'eval_metric': 'logloss', 'early_stopping_rounds': 50}",2024,10
0.6666666666666666,0.20384727636432476,0.5913529301666925,0.7405718788697512,499,11,3034,759,0.7473684210526316,0.1747945147258054,0.5280584721137563,0.8201152852315644,285,"{'max_depth': 3, 'learning_rate': 0.01, 'num_boost_round': 500, 'subsample': 0.8, 'colsample_bytree': 0.7, 'objective': 'binary:logistic', 'eval_metric': 'logloss', 'early_stopping_rounds': 50}",2024,11
0.6666666666666666,0.20375128902105494,0.5911959677419385,0.7414935832489025,499,11,3034,759,0.7508771929824561,0.1740361198828804,0.5260915195835671,0.8204631286026635,285,"{'max_depth': 3, 'learning_rate': 0.01, 'num_boost_round': 500, 'subsample': 0.8, 'colsample_bytree': 0.8, 'objective': 'binary:logistic', 'eval_metric': 'logloss', 'early_stopping_rounds': 50}",2024,12
0.6653491436100132,0.2055273435638222,0.5952051178285552,0.7352597658448721,98,11,3034,759,0.7543859649122807,0.17316333549714075,0.5233430348034314,0.8225501888292586,285,"{'max_depth': 3, 'learning_rate': 0.05, 'num_boost_round': 100, 'subsample': 0.7, 'colsample_bytree': 0.7, 'objective': 'binary:logistic', 'eval_metric': 'logloss', 'early_stopping_rounds': 50}",2024,13
0.6679841897233202,0.20353547794491045,0.5908565010285177,0.7416343014747269,92,11,3034,759,0.7614035087719299,0.17305347333950247,0.5235533479550887,0.8217054263565893,285,"{'max_depth': 3, 'learning_rate': 0.05, 'num_boost_round': 100, 'subsample': 0.7, 'colsample_bytree': 0.8, 'objective': 'binary:logistic', 'eval_metric': 'logloss', 'early_stopping_rounds': 50}",2024,14
0.6745718050065876,0.20387160750470912,0.5911400173030227,0.7406352020713722,99,11,3034,759,0.7614035087719299,0.17471900964717482,0.5279719899127793,0.8185748360166964,285,"{'max_depth': 3, 'learning_rate': 0.05, 'num_boost_round': 100, 'subsample': 0.8, 'colsample_bytree': 0.7, 'objective': 'binary:logistic', 'eval_metric': 'logloss', 'early_stopping_rounds': 50}",2024,15
0.6706192358366272,0.20418447792353003,0.5921775497234113,0.7402693346842283,99,11,3034,759,0.7578947368421053,0.1751026987587103,0.5284894273135256,0.8165871596104154,285,"{'max_depth': 3, 'learning_rate': 0.05, 'num_boost_round': 100, 'subsample': 0.8, 'colsample_bytree': 0.8, 'objective': 'binary:logistic', 'eval_metric': 'logloss', 'early_stopping_rounds': 50}",2024,16
0.6627140974967062,0.20641831315857773,0.596916184022081,0.7343662051108859,98,11,3034,759,0.7508771929824561,0.17270458915661493,0.521934620533914,0.8201649771417213,285,"{'max_depth': 3, 'learning_rate': 0.05, 'num_boost_round': 300, 'subsample': 0.7, 'colsample_bytree': 0.7, 'objective': 'binary:logistic', 'eval_metric': 'logloss', 'early_stopping_rounds': 50}",2024,17
0.6600790513833992,0.20492830723534497,0.5936764153391051,0.7388551165146909,92,11,3034,759,0.7543859649122807,0.1715021788304104,0.5194885951348142,0.8230967998409859,285,"{'max_depth': 3, 'learning_rate': 0.05, 'num_boost_round': 300, 'subsample': 0.7, 'colsample_bytree': 0.8, 'objective': 'binary:logistic', 'eval_metric': 'logloss', 'early_stopping_rounds': 50}",2024,18
0.6706192358366272,0.20499099564005288,0.5932313082713317,0.7388058651356524,103,11,3034,759,0.7649122807017544,0.17442959226788024,0.5269676327242524,0.8145000993838203,285,"{'max_depth': 3, 'learning_rate': 0.05, 'num_boost_round': 300, 'subsample': 0.8, 'colsample_bytree': 0.7, 'objective': 'binary:logistic', 'eval_metric': 'logloss', 'early_stopping_rounds': 50}",2024,19
0.6706192358366272,0.2058625076185711,0.595686363936655,0.7365191939660024,112,11,3034,759,0.7508771929824561,0.1743162742207813,0.5255599698906335,0.8153448618564898,285,"{'max_depth': 3, 'learning_rate': 0.05, 'num_boost_round': 300, 'subsample': 0.8, 'colsample_bytree': 0.8, 'objective': 'binary:logistic', 'eval_metric': 'logloss', 'early_stopping_rounds': 50}",2024,20
0.6627140974967062,0.20641831315857773,0.596916184022081,0.7343662051108859,98,11,3034,759,0.7508771929824561,0.17270458915661493,0.521934620533914,0.8201649771417213,285,"{'max_depth': 3, 'learning_rate': 0.05, 'num_boost_round': 500, 'subsample': 0.7, 'colsample_bytree': 0.7, 'objective': 'binary:logistic', 'eval_metric': 'logloss', 'early_stopping_rounds': 50}",2024,21
0.6600790513833992,0.20492830723534497,0.5936764153391051,0.7388551165146909,92,11,3034,759,0.7543859649122807,0.1715021788304104,0.5194885951348142,0.8230967998409859,285,"{'max_depth': 3, 'learning_rate': 0.05, 'num_boost_round': 500, 'subsample': 0.7, 'colsample_bytree': 0.8, 'objective': 'binary:logistic', 'eval_metric': 'logloss', 'early_stopping_rounds': 50}",2024,22
0.6706192358366272,0.20499099564005288,0.5932313082713317,0.7388058651356524,103,11,3034,759,0.7649122807017544,0.17442959226788024,0.5269676327242524,0.8145000993838203,285,"{'max_depth': 3, 'learning_rate': 0.05, 'num_boost_round': 500, 'subsample': 0.8, 'colsample_bytree': 0.7, 'objective': 'binary:logistic', 'eval_metric': 'logloss', 'early_stopping_rounds': 50}",2024,23
0.6706192358366272,0.2058625076185711,0.595686363936655,0.7365191939660024,112,11,3034,759,0.7508771929824561,0.1743162742207813,0.5255599698906335,0.8153448618564898,285,"{'max_depth': 3, 'learning_rate': 0.05, 'num_boost_round': 500, 'subsample': 0.8, 'colsample_bytree': 0.8, 'objective': 'binary:logistic', 'eval_metric': 'logloss', 'early_stopping_rounds': 50}",2024,24
0.6758893280632411,0.20493025095586526,0.5928174089466592,0.739256163458291,86,11,3034,759,0.7614035087719299,0.171966034468141,0.5204169561519791,0.8186245279268536,285,"{'max_depth': 3, 'learning_rate': 0.1, 'num_boost_round': 100, 'subsample': 0.7, 'colsample_bytree': 0.7, 'objective': 'binary:logistic', 'eval_metric': 'logloss', 'early_stopping_rounds': 50}",2024,25
0.6679841897233202,0.203962803451552,0.5921206042623308,0.7431259146684679,98,11,3034,759,0.743859649122807,0.173297871237496,0.5216851457493377,0.8152454780361756,285,"{'max_depth': 3, 'learning_rate': 0.1, 'num_boost_round': 100, 'subsample': 0.7, 'colsample_bytree': 0.8, 'objective': 'binary:logistic', 'eval_metric': 'logloss', 'early_stopping_rounds': 50}",2024,26
0.6548089591567853,0.20706372185616004,0.5981830880124128,0.7334445007317347,63,11,3034,759,0.7578947368421053,0.17796350255544574,0.5354454738456814,0.8059530908368118,285,"{'max_depth': 3, 'learning_rate': 0.1, 'num_boost_round': 100, 'subsample': 0.8, 'colsample_bytree': 0.7, 'objective': 'binary:logistic', 'eval_metric': 'logloss', 'early_stopping_rounds': 50}",2024,27
0.6653491436100132,0.20657146996500514,0.5977089809698296,0.7359844647078689,69,11,3034,759,0.7508771929824561,0.17686008667968767,0.5316784518545457,0.8080898429735639,285,"{'max_depth': 3, 'learning_rate': 0.1, 'num_boost_round': 100, 'subsample': 0.8, 'colsample_bytree': 0.8, 'objective': 'binary:logistic', 'eval_metric': 'logloss', 'early_stopping_rounds': 50}",2024,28
0.6719367588932806,0.2088245388584257,0.6016375345365275,0.7310663627152989,86,11,3034,759,0.7543859649122807,0.17389568445828424,0.5249779210316321,0.8134565692705227,285,"{'max_depth': 3, 'learning_rate': 0.1, 'num_boost_round': 300, 'subsample': 0.7, 'colsample_bytree': 0.7, 'objective': 'binary:logistic', 'eval_metric': 'logloss', 'early_stopping_rounds': 50}",2024,29
0.6706192358366272,0.20695497780134645,0.59907086400439,0.7377434425306766,98,11,3034,759,0.7508771929824561,0.17330406706881832,0.5219156767536943,0.8161399324190022,285,"{'max_depth': 3, 'learning_rate': 0.1, 'num_boost_round': 300, 'subsample': 0.7, 'colsample_bytree': 0.8, 'objective': 'binary:logistic', 'eval_metric': 'logloss', 'early_stopping_rounds': 50}",2024,30
0.6482213438735178,0.20789974061985414,0.6000232363740742,0.7314744455701903,63,11,3034,759,0.7578947368421053,0.1779543270906799,0.5348316156764231,0.8064500099383821,285,"{'max_depth': 3, 'learning_rate': 0.1, 'num_boost_round': 300, 'subsample': 0.8, 'colsample_bytree': 0.7, 'objective': 'binary:logistic', 'eval_metric': 'logloss', 'early_stopping_rounds': 50}",2024,31
0.6627140974967062,0.20758762564939268,0.6004531802030304,0.7342888100866825,69,11,3034,759,0.7578947368421053,0.17707920248070935,0.5317064265553494,0.8054064798250845,285,"{'max_depth': 3, 'learning_rate': 0.1, 'num_boost_round': 300, 'subsample': 0.8, 'colsample_bytree': 0.8, 'objective': 'binary:logistic', 'eval_metric': 'logloss', 'early_stopping_rounds': 50}",2024,32
0.6719367588932806,0.2088245388584257,0.6016375345365275,0.7310663627152989,86,11,3034,759,0.7543859649122807,0.17389568445828424,0.5249779210316321,0.8134565692705227,285,"{'max_depth': 3, 'learning_rate': 0.1, 'num_boost_round': 500, 'subsample': 0.7, 'colsample_bytree': 0.7, 'objective': 'binary:logistic', 'eval_metric': 'logloss', 'early_stopping_rounds': 50}",2024,33
0.6706192358366272,0.20695497780134645,0.59907086400439,0.7377434425306766,98,11,3034,759,0.7508771929824561,0.17330406706881832,0.5219156767536943,0.8161399324190022,285,"{'max_depth': 3, 'learning_rate': 0.1, 'num_boost_round': 500, 'subsample': 0.7, 'colsample_bytree': 0.8, 'objective': 'binary:logistic', 'eval_metric': 'logloss', 'early_stopping_rounds': 50}",2024,34
0.6482213438735178,0.20789974061985414,0.6000232363740742,0.7314744455701903,63,11,3034,759,0.7578947368421053,0.1779543270906799,0.5348316156764231,0.8064500099383821,285,"{'max_depth': 3, 'learning_rate': 0.1, 'num_boost_round': 500, 'subsample': 0.8, 'colsample_bytree': 0.7, 'objective': 'binary:logistic', 'eval_metric': 'logloss', 'early_stopping_rounds': 50}",2024,35
0.6627140974967062,0.20758762564939268,0.6004531802030304,0.7342888100866825,69,11,3034,759,0.7578947368421053,0.17707920248070935,0.5317064265553494,0.8054064798250845,285,"{'max_depth': 3, 'learning_rate': 0.1, 'num_boost_round': 500, 'subsample': 0.8, 'colsample_bytree': 0.8, 'objective': 'binary:logistic', 'eval_metric': 'logloss', 'early_stopping_rounds': 50}",2024,36
0.6640316205533597,0.21062748273347748,0.606440444806067,0.7262960148598446,22,11,3034,759,0.7298245614035088,0.1781418891572194,0.5345085617888978,0.808139534883721,285,"{'max_depth': 3, 'learning_rate': 0.2, 'num_boost_round': 100, 'subsample': 0.7, 'colsample_bytree': 0.7, 'objective': 'binary:logistic', 'eval_metric': 'logloss', 'early_stopping_rounds': 50}",2024,37
0.6587615283267457,0.20825580277103325,0.6017670996983948,0.7327549814251942,50,11,3034,759,0.7508771929824561,0.17686616450157264,0.5328075464853138,0.8114192009540846,285,"{'max_depth': 3, 'learning_rate': 0.2, 'num_boost_round': 100, 'subsample': 0.7, 'colsample_bytree': 0.8, 'objective': 'binary:logistic', 'eval_metric': 'logloss', 'early_stopping_rounds': 50}",2024,38
0.6495388669301713,0.21336458967817135,0.6125826849312955,0.7209135427220534,33,11,3034,759,0.743859649122807,0.1755730094232061,0.5258266983453491,0.8123136553369112,285,"{'max_depth': 3, 'learning_rate': 0.2, 'num_boost_round': 100, 'subsample': 0.8, 'colsample_bytree': 0.7, 'objective': 'binary:logistic', 'eval_metric': 'logloss', 'early_stopping_rounds': 50}",2024,39
0.6508563899868248,0.2101483557378579,0.6059889216206858,0.7275554429809749,28,11,3034,759,0.7368421052631579,0.178550465580013,0.5347533224223482,0.8078413834227788,285,"{'max_depth': 3, 'learning_rate': 0.2, 'num_boost_round': 100, 'subsample': 0.8, 'colsample_bytree': 0.8, 'objective': 'binary:logistic', 'eval_metric': 'logloss', 'early_stopping_rounds': 50}",2024,40
0.6640316205533597,0.21062748273347748,0.606440444806067,0.7262960148598446,22,11,3034,759,0.7298245614035088,0.1781418891572194,0.5345085617888978,0.808139534883721,285,"{'max_depth': 3, 'learning_rate': 0.2, 'num_boost_round': 300, 'subsample': 0.7, 'colsample_bytree': 0.7, 'objective': 'binary:logistic', 'eval_metric': 'logloss', 'early_stopping_rounds': 50}",2024,41
0.6600790513833992,0.20822706898696836,0.6017143087206371,0.732994202409096,50,11,3034,759,0.7473684210526316,0.17631747056716174,0.531476378197093,0.811866428145498,285,"{'max_depth': 3, 'learning_rate': 0.2, 'num_boost_round': 300, 'subsample': 0.7, 'colsample_bytree': 0.8, 'objective': 'binary:logistic', 'eval_metric': 'logloss', 'early_stopping_rounds': 50}",2024,42
0.6495388669301713,0.21336458967817135,0.6125826849312955,0.7209135427220534,33,11,3034,759,0.743859649122807,0.1755730094232061,0.5258266983453491,0.8123136553369112,285,"{'max_depth': 3, 'learning_rate': 0.2, 'num_boost_round': 300, 'subsample': 0.8, 'colsample_bytree': 0.7, 'objective': 'binary:logistic', 'eval_metric': 'logloss', 'early_stopping_rounds': 50}",2024,43
0.6508563899868248,0.2101483557378579,0.6059889216206858,0.7275554429809749,28,11,3034,759,0.7368421052631579,0.178550465580013,0.5347533224223482,0.8078413834227788,285,"{'max_depth': 3, 'learning_rate': 0.2, 'num_boost_round': 300, 'subsample': 0.8, 'colsample_bytree': 0.8, 'objective': 'binary:logistic', 'eval_metric': 'logloss', 'early_stopping_rounds': 50}",2024,44
0.6640316205533597,0.21062748273347748,0.606440444806067,0.7262960148598446,22,11,3034,759,0.7298245614035088,0.1781418891572194,0.5345085617888978,0.808139534883721,285,"{'max_depth': 3, 'learning_rate': 0.2, 'num_boost_round': 500, 'subsample': 0.7, 'colsample_bytree': 0.7, 'objective': 'binary:logistic', 'eval_metric': 'logloss', 'early_stopping_rounds': 50}",2024,45
0.6600790513833992,0.20822706898696836,0.6017143087206371,0.732994202409096,50,11,3034,759,0.7473684210526316,0.17631747056716174,0.531476378197093,0.811866428145498,285,"{'max_depth': 3, 'learning_rate': 0.2, 'num_boost_round': 500, 'subsample': 0.7, 'colsample_bytree': 0.8, 'objective': 'binary:logistic', 'eval_metric': 'logloss', 'early_stopping_rounds': 50}",2024,46
0.6495388669301713,0.21336458967817135,0.6125826849312955,0.7209135427220534,33,11,3034,759,0.743859649122807,0.1755730094232061,0.5258266983453491,0.8123136553369112,285,"{'max_depth': 3, 'learning_rate': 0.2, 'num_boost_round': 500, 'subsample': 0.8, 'colsample_bytree': 0.7, 'objective': 'binary:logistic', 'eval_metric': 'logloss', 'early_stopping_rounds': 50}",2024,47
0.6508563899868248,0.2101483557378579,0.6059889216206858,0.7275554429809749,28,11,3034,759,0.7368421052631579,0.178550465580013,0.5347533224223482,0.8078413834227788,285,"{'max_depth': 3, 'learning_rate': 0.2, 'num_boost_round': 500, 'subsample': 0.8, 'colsample_bytree': 0.8, 'objective': 'binary:logistic', 'eval_metric': 'logloss', 'early_stopping_rounds': 50}",2024,48
0.6679841897233202,0.21397111493027923,0.6180188293607074,0.7360477879094901,99,11,3034,759,0.7719298245614035,0.19785097491377662,0.5844328419044299,0.8127111906181674,285,"{'max_depth': 5, 'learning_rate': 0.01, 'num_boost_round': 100, 'subsample': 0.7, 'colsample_bytree': 0.7, 'objective': 'binary:logistic', 'eval_metric': 'logloss', 'early_stopping_rounds': 50}",2024,49
0.6679841897233202,0.21333236549849718,0.616640412342806,0.7368287740628167,99,11,3034,759,0.7649122807017544,0.19598541572391953,0.5803384398166155,0.8129596501689526,285,"{'max_depth': 5, 'learning_rate': 0.01, 'num_boost_round': 100, 'subsample': 0.7, 'colsample_bytree': 0.8, 'objective': 'binary:logistic', 'eval_metric': 'logloss', 'early_stopping_rounds': 50}",2024,50
0.6600790513833992,0.21461753887617857,0.6193424319144614,0.7317629179331308,99,11,3034,759,0.7543859649122807,0.19743374384204268,0.5836969569437632,0.8145497912939774,285,"{'max_depth': 5, 'learning_rate': 0.01, 'num_boost_round': 100, 'subsample': 0.8, 'colsample_bytree': 0.7, 'objective': 'binary:logistic', 'eval_metric': 'logloss', 'early_stopping_rounds': 50}",2024,51
0.6574440052700923,0.21381134106292077,0.6175151042597578,0.7326072272880784,99,11,3034,759,0.7508771929824561,0.19594304731776174,0.5804328224907392,0.8149970184853906,285,"{'max_depth': 5, 'learning_rate': 0.01, 'num_boost_round': 100, 'subsample': 0.8, 'colsample_bytree': 0.8, 'objective': 'binary:logistic', 'eval_metric': 'logloss', 'early_stopping_rounds': 50}",2024,52
0.6666666666666666,0.20370241407065706,0.5912353383679301,0.7413176854666217,294,11,3034,759,0.7614035087719299,0.17759299898253453,0.5353322037962084,0.8151957861260187,285,"{'max_depth': 5, 'learning_rate': 0.01, 'num_boost_round': 300, 'subsample': 0.7, 'colsample_bytree': 0.7, 'objective': 'binary:logistic', 'eval_metric': 'logloss', 'early_stopping_rounds': 50}",2024,53
0.6679841897233202,0.20330559988750718,0.590143248538156,0.7417609478779692,297,11,3034,759,0.7543859649122807,0.176532571286282,0.5321295353738295,0.8141522560127211,285,"{'max_depth': 5, 'learning_rate': 0.01, 'num_boost_round': 300, 'subsample': 0.7, 'colsample_bytree': 0.8, 'objective': 'binary:logistic', 'eval_metric': 'logloss', 'early_stopping_rounds': 50}",2024,54
0.6666666666666666,0.20457673013445105,0.5930772330667468,0.7383626027243049,299,11,3034,759,0.7614035087719299,0.17810829884249893,0.5368073253685919,0.8133571854502087,285,"{'max_depth': 5, 'learning_rate': 0.01, 'num_boost_round': 300, 'subsample': 0.8, 'colsample_bytree': 0.7, 'objective': 'binary:logistic', 'eval_metric': 'logloss', 'early_stopping_rounds': 50}",2024,55
0.6706192358366272,0.2043205205716074,0.5922336564955588,0.738826972869526,298,11,3034,759,0.7578947368421053,0.17669281093430494,0.5331345078969857,0.8151957861260187,285,"{'max_depth': 5, 'learning_rate': 0.01, 'num_boost_round': 300, 'subsample': 0.8, 'colsample_bytree': 0.8, 'objective': 'binary:logistic', 'eval_metric': 'logloss', 'early_stopping_rounds': 50}",2024,56
0.6732542819499341,0.20354846765855383,0.589658730766143,0.741634301474727,460,11,3034,759,0.7543859649122807,0.17603964195542715,0.5304886207606849,0.8110713575829855,285,"{'max_depth': 5, 'learning_rate': 0.01, 'num_boost_round': 500, 'subsample': 0.7, 'colsample_bytree': 0.7, 'objective': 'binary:logistic', 'eval_metric': 'logloss', 'early_stopping_rounds': 50}",2024,57
0.6798418972332015,0.2032217064863035,0.5888480253728363,0.7429007655071485,459,11,3034,759,0.7578947368421053,0.17649971062142553,0.5308347065572093,0.8094315245478035,285,"{'max_depth': 5, 'learning_rate': 0.01, 'num_boost_round': 500, 'subsample': 0.7, 'colsample_bytree': 0.8, 'objective': 'binary:logistic', 'eval_metric': 'logloss', 'early_stopping_rounds': 50}",2024,58
0.6679841897233202,0.2043362709097042,0.5910874439428393,0.7392069120792526,499,11,3034,759,0.7543859649122807,0.17581660424769163,0.530172189568009,0.8122142715165972,285,"{'max_depth': 5, 'learning_rate': 0.01, 'num_boost_round': 500, 'subsample': 0.8, 'colsample_bytree': 0.7, 'objective': 'binary:logistic', 'eval_metric': 'logloss', 'early_stopping_rounds': 50}",2024,59
0.6732542819499341,0.20405349529501982,0.5903174495183072,0.7406774175391195,466,11,3034,759,0.7543859649122807,0.1747208260935985,0.5272511680323092,0.8145000993838203,285,"{'max_depth': 5, 'learning_rate': 0.01, 'num_boost_round': 500, 'subsample': 0.8, 'colsample_bytree': 0.8, 'objective': 'binary:logistic', 'eval_metric': 'logloss', 'early_stopping_rounds': 50}",2024,60
0.6627140974967062,0.20564538527945425,0.5942696451921186,0.7358156028368794,93,11,3034,759,0.7543859649122807,0.17678390884155012,0.5309659232561393,0.8088352216259194,285,"{'max_depth': 5, 'learning_rate': 0.05, 'num_boost_round': 100, 'subsample': 0.7, 'colsample_bytree': 0.7, 'objective': 'binary:logistic', 'eval_metric': 'logloss', 'early_stopping_rounds': 50}",2024,61
0.6561264822134387,0.20635359374653575,0.5957620182293869,0.7339651581672859,86,11,3034,759,0.7649122807017544,0.1767478970373791,0.5310620723010004,0.8086861458954483,285,"{'max_depth': 5, 'learning_rate': 0.05, 'num_boost_round': 100, 'subsample': 0.7, 'colsample_bytree': 0.8, 'objective': 'binary:logistic', 'eval_metric': 'logloss', 'early_stopping_rounds': 50}",2024,62
0.6640316205533597,0.20486391102457735,0.59286000501415,0.7383626027243049,93,11,3034,759,0.7578947368421053,0.17610874268505144,0.5318742968811981,0.8084873782548201,285,"{'max_depth': 5, 'learning_rate': 0.05, 'num_boost_round': 100, 'subsample': 0.8, 'colsample_bytree': 0.7, 'objective': 'binary:logistic', 'eval_metric': 'logloss', 'early_stopping_rounds': 50}",2024,63
0.6627140974967062,0.20552314610823327,0.594129263396046,0.7367724867724867,68,11,3034,759,0.7614035087719299,0.17761927321400817,0.5355011974032197,0.8054064798250845,285,"{'max_depth': 5, 'learning_rate': 0.05, 'num_boost_round': 100, 'subsample': 0.8, 'colsample_bytree': 0.8, 'objective': 'binary:logistic', 'eval_metric': 'logloss', 'early_stopping_rounds': 50}",2024,64
0.6574440052700923,0.20662985437754774,0.5971660273592527,0.7355200945626477,93,11,3034,759,0.7473684210526316,0.17794188462248808,0.5341450498212038,0.8057046312860267,285,"{'max_depth': 5, 'learning_rate': 0.05, 'num_boost_round': 300, 'subsample': 0.7, 'colsample_bytree': 0.7, 'objective': 'binary:logistic', 'eval_metric': 'logloss', 'early_stopping_rounds': 50}",2024,65
0.6653491436100132,0.20760944092791925,0.5987054572816704,0.732994202409096,86,11,3034,759,0.7649122807017544,0.17822734341243662,0.5346364888436306,0.8038163387000598,285,"{'max_depth': 5, 'learning_rate': 0.05, 'num_boost_round': 300, 'subsample': 0.7, 'colsample_bytree': 0.8, 'objective': 'binary:logistic', 'eval_metric': 'logloss', 'early_stopping_rounds': 50}",2024,66
0.6679841897233202,0.20640071319658648,0.5967658045150634,0.7360829674659461,93,11,3034,759,0.7614035087719299,0.17623647337236403,0.5335847065076528,0.8082886106141921,285,"{'max_depth': 5, 'learning_rate': 0.05, 'num_boost_round': 300, 'subsample': 0.8, 'colsample_bytree': 0.7, 'objective': 'binary:logistic', 'eval_metric': 'logloss', 'early_stopping_rounds': 50}",2024,67
0.6785243741765481,0.20585677536149832,0.5952945624305284,0.7370820668693009,68,11,3034,759,0.7578947368421053,0.17867742800801817,0.538998002833309,0.8019280461140926,285,"{'max_depth': 5, 'learning_rate': 0.05, 'num_boost_round': 300, 'subsample': 0.8, 'colsample_bytree': 0.8, 'objective': 'binary:logistic', 'eval_metric': 'logloss', 'early_stopping_rounds': 50}",2024,68
0.6574440052700923,0.20662985437754774,0.5971660273592527,0.7355200945626477,93,11,3034,759,0.7473684210526316,0.17794188462248808,0.5341450498212038,0.8057046312860267,285,"{'max_depth': 5, 'learning_rate': 0.05, 'num_boost_round': 500, 'subsample': 0.7, 'colsample_bytree': 0.7, 'objective': 'binary:logistic', 'eval_metric': 'logloss', 'early_stopping_rounds': 50}",2024,69
0.6653491436100132,0.20760944092791925,0.5987054572816704,0.732994202409096,86,11,3034,759,0.7649122807017544,0.17822734341243662,0.5346364888436306,0.8038163387000598,285,"{'max_depth': 5, 'learning_rate': 0.05, 'num_boost_round': 500, 'subsample': 0.7, 'colsample_bytree': 0.8, 'objective': 'binary:logistic', 'eval_metric': 'logloss', 'early_stopping_rounds': 50}",2024,70
0.6679841897233202,0.20640071319658648,0.5967658045150634,0.7360829674659461,93,11,3034,759,0.7614035087719299,0.17623647337236403,0.5335847065076528,0.8082886106141921,285,"{'max_depth': 5, 'learning_rate': 0.05, 'num_boost_round': 500, 'subsample': 0.8, 'colsample_bytree': 0.7, 'objective': 'binary:logistic', 'eval_metric': 'logloss', 'early_stopping_rounds': 50}",2024,71
0.6785243741765481,0.20585677536149832,0.5952945624305284,0.7370820668693009,68,11,3034,759,0.7578947368421053,0.17867742800801817,0.538998002833309,0.8019280461140926,285,"{'max_depth': 5, 'learning_rate': 0.05, 'num_boost_round': 500, 'subsample': 0.8, 'colsample_bytree': 0.8, 'objective': 'binary:logistic', 'eval_metric': 'logloss', 'early_stopping_rounds': 50}",2024,72
0.6785243741765481,0.20605527175582988,0.5978882871261725,0.7394179894179894,36,11,3034,759,0.743859649122807,0.1784015657619834,0.5351578116876075,0.8057046312860265,285,"{'max_depth': 5, 'learning_rate': 0.1, 'num_boost_round': 100, 'subsample': 0.7, 'colsample_bytree': 0.7, 'objective': 'binary:logistic', 'eval_metric': 'logloss', 'early_stopping_rounds': 50}",2024,73
0.6587615283267457,0.21245975881061974,0.6095777091463248,0.7230946752223347,36,11,3034,759,0.7543859649122807,0.17946738896163467,0.538683668447501,0.7978533094812165,285,"{'max_depth': 5, 'learning_rate': 0.1, 'num_boost_round': 100, 'subsample': 0.7, 'colsample_bytree': 0.8, 'objective': 'binary:logistic', 'eval_metric': 'logloss', 'early_stopping_rounds': 50}",2024,74
0.6613965744400527,0.20786376930387412,0.6011290068842852,0.7351823708206686,49,11,3034,759,0.7263157894736842,0.1842142538675903,0.5544049358434431,0.791393361160803,285,"{'max_depth': 5, 'learning_rate': 0.1, 'num_boost_round': 100, 'subsample': 0.8, 'colsample_bytree': 0.7, 'objective': 'binary:logistic', 'eval_metric': 'logloss', 'early_stopping_rounds': 50}",2024,75
0.6613965744400527,0.21036231374551492,0.6066655536112228,0.7289204097714735,44,11,3034,759,0.7403508771929824,0.18249766419160954,0.5479812193656579,0.7963128602663487,285,"{'max_depth': 5, 'learning_rate': 0.1, 'num_boost_round': 100, 'subsample': 0.8, 'colsample_bytree': 0.8, 'objective': 'binary:logistic', 'eval_metric': 'logloss', 'early_stopping_rounds': 50}",2024,76
0.6785243741765481,0.20605527175582988,0.5978882871261725,0.7394179894179894,36,11,3034,759,0.743859649122807,0.1784015657619834,0.5351578116876075,0.8057046312860265,285,"{'max_depth': 5, 'learning_rate': 0.1, 'num_boost_round': 300, 'subsample': 0.7, 'colsample_bytree': 0.7, 'objective': 'binary:logistic', 'eval_metric': 'logloss', 'early_stopping_rounds': 50}",2024,77
0.6587615283267457,0.21245975881061974,0.6095777091463248,0.7230946752223347,36,11,3034,759,0.7543859649122807,0.17946738896163467,0.538683668447501,0.7978533094812165,285,"{'max_depth': 5, 'learning_rate': 0.1, 'num_boost_round': 300, 'subsample': 0.7, 'colsample_bytree': 0.8, 'objective': 'binary:logistic', 'eval_metric': 'logloss', 'early_stopping_rounds': 50}",2024,78
0.6613965744400527,0.20786376930387412,0.6011290068842852,0.7351823708206686,49,11,3034,759,0.7263157894736842,0.1842142538675903,0.5544049358434431,0.791393361160803,285,"{'max_depth': 5, 'learning_rate': 0.1, 'num_boost_round': 300, 'subsample': 0.8, 'colsample_bytree': 0.7, 'objective': 'binary:logistic', 'eval_metric': 'logloss', 'early_stopping_rounds': 50}",2024,79
0.6613965744400527,0.21036231374551492,0.6066655536112228,0.7289204097714735,44,11,3034,759,0.7403508771929824,0.18249766419160954,0.5479812193656579,0.7963128602663487,285,"{'max_depth': 5, 'learning_rate': 0.1, 'num_boost_round': 300, 'subsample': 0.8, 'colsample_bytree': 0.8, 'objective': 'binary:logistic', 'eval_metric': 'logloss', 'early_stopping_rounds': 50}",2024,80
0.6785243741765481,0.20605527175582988,0.5978882871261725,0.7394179894179894,36,11,3034,759,0.743859649122807,0.1784015657619834,0.5351578116876075,0.8057046312860265,285,"{'max_depth': 5, 'learning_rate': 0.1, 'num_boost_round': 500, 'subsample': 0.7, 'colsample_bytree': 0.7, 'objective': 'binary:logistic', 'eval_metric': 'logloss', 'early_stopping_rounds': 50}",2024,81
0.6587615283267457,0.21245975881061974,0.6095777091463248,0.7230946752223347,36,11,3034,759,0.7543859649122807,0.17946738896163467,0.538683668447501,0.7978533094812165,285,"{'max_depth': 5, 'learning_rate': 0.1, 'num_boost_round': 500, 'subsample': 0.7, 'colsample_bytree': 0.8, 'objective': 'binary:logistic', 'eval_metric': 'logloss', 'early_stopping_rounds': 50}",2024,82
0.6613965744400527,0.20786376930387412,0.6011290068842852,0.7351823708206686,49,11,3034,759,0.7263157894736842,0.1842142538675903,0.5544049358434431,0.791393361160803,285,"{'max_depth': 5, 'learning_rate': 0.1, 'num_boost_round': 500, 'subsample': 0.8, 'colsample_bytree': 0.7, 'objective': 'binary:logistic', 'eval_metric': 'logloss', 'early_stopping_rounds': 50}",2024,83
0.6613965744400527,0.21036231374551492,0.6066655536112228,0.7289204097714735,44,11,3034,759,0.7403508771929824,0.18249766419160954,0.5479812193656579,0.7963128602663487,285,"{'max_depth': 5, 'learning_rate': 0.1, 'num_boost_round': 500, 'subsample': 0.8, 'colsample_bytree': 0.8, 'objective': 'binary:logistic', 'eval_metric': 'logloss', 'early_stopping_rounds': 50}",2024,84
0.6416337285902504,0.22190790080248618,0.6380471656732016,0.7070527974783294,19,11,3034,759,0.7368421052631579,0.18829681554581357,0.5670636651601085,0.7854303319419599,285,"{'max_depth': 5, 'learning_rate': 0.2, 'num_boost_round': 100, 'subsample': 0.7, 'colsample_bytree': 0.7, 'objective': 'binary:logistic', 'eval_metric': 'logloss', 'early_stopping_rounds': 50}",2024,85
0.6521739130434783,0.22107731514925896,0.6393126489368852,0.710676291793313,14,11,3034,759,0.7333333333333333,0.18591920298968817,0.5602414864346004,0.7883124627310674,285,"{'max_depth': 5, 'learning_rate': 0.2, 'num_boost_round': 100, 'subsample': 0.7, 'colsample_bytree': 0.8, 'objective': 'binary:logistic', 'eval_metric': 'logloss', 'early_stopping_rounds': 50}",2024,86
0.6600790513833992,0.21131055851877,0.6095985455655575,0.7305245975458741,9,11,3034,759,0.7614035087719299,0.18267917061606814,0.5485540944686416,0.7977042337507453,285,"{'max_depth': 5, 'learning_rate': 0.2, 'num_boost_round': 100, 'subsample': 0.8, 'colsample_bytree': 0.7, 'objective': 'binary:logistic', 'eval_metric': 'logloss', 'early_stopping_rounds': 50}",2024,87
0.6548089591567853,0.22029942347240317,0.6307618203873976,0.7087765957446809,12,11,3034,759,0.7473684210526316,0.18083801374160668,0.5407054413109912,0.7997912939773405,285,"{'max_depth': 5, 'learning_rate': 0.2, 'num_boost_round': 100, 'subsample': 0.8, 'colsample_bytree': 0.8, 'objective': 'binary:logistic', 'eval_metric': 'logloss', 'early_stopping_rounds': 50}",2024,88
0.6416337285902504,0.22190790080248618,0.6380471656732016,0.7070527974783294,19,11,3034,759,0.7368421052631579,0.18829681554581357,0.5670636651601085,0.7854303319419599,285,"{'max_depth': 5, 'learning_rate': 0.2, 'num_boost_round': 300, 'subsample': 0.7, 'colsample_bytree': 0.7, 'objective': 'binary:logistic', 'eval_metric': 'logloss', 'early_stopping_rounds': 50}",2024,89
0.6521739130434783,0.22107731514925896,0.6393126489368852,0.710676291793313,14,11,3034,759,0.7333333333333333,0.18591920298968817,0.5602414864346004,0.7883124627310674,285,"{'max_depth': 5, 'learning_rate': 0.2, 'num_boost_round': 300, 'subsample': 0.7, 'colsample_bytree': 0.8, 'objective': 'binary:logistic', 'eval_metric': 'logloss', 'early_stopping_rounds': 50}",2024,90
0.6600790513833992,0.21131055851877,0.6095985455655575,0.7305245975458741,9,11,3034,759,0.7614035087719299,0.18267917061606814,0.5485540944686416,0.7977042337507453,285,"{'max_depth': 5, 'learning_rate': 0.2, 'num_boost_round': 300, 'subsample': 0.8, 'colsample_bytree': 0.7, 'objective': 'binary:logistic', 'eval_metric': 'logloss', 'early_stopping_rounds': 50}",2024,91
0.6548089591567853,0.22029942347240317,0.6307618203873976,0.7087765957446809,12,11,3034,759,0.7473684210526316,0.18083801374160668,0.5407054413109912,0.7997912939773405,285,"{'max_depth': 5, 'learning_rate': 0.2, 'num_boost_round': 300, 'subsample': 0.8, 'colsample_bytree': 0.8, 'objective': 'binary:logistic', 'eval_metric': 'logloss', 'early_stopping_rounds': 50}",2024,92
0.6416337285902504,0.22190790080248618,0.6380471656732016,0.7070527974783294,19,11,3034,759,0.7368421052631579,0.18829681554581357,0.5670636651601085,0.7854303319419599,285,"{'max_depth': 5, 'learning_rate': 0.2, 'num_boost_round': 500, 'subsample': 0.7, 'colsample_bytree': 0.7, 'objective': 'binary:logistic', 'eval_metric': 'logloss', 'early_stopping_rounds': 50}",2024,93
0.6521739130434783,0.22107731514925896,0.6393126489368852,0.710676291793313,14,11,3034,759,0.7333333333333333,0.18591920298968817,0.5602414864346004,0.7883124627310674,285,"{'max_depth': 5, 'learning_rate': 0.2, 'num_boost_round': 500, 'subsample': 0.7, 'colsample_bytree': 0.8, 'objective': 'binary:logistic', 'eval_metric': 'logloss', 'early_stopping_rounds': 50}",2024,94
0.6600790513833992,0.21131055851877,0.6095985455655575,0.7305245975458741,9,11,3034,759,0.7614035087719299,0.18267917061606814,0.5485540944686416,0.7977042337507453,285,"{'max_depth': 5, 'learning_rate': 0.2, 'num_boost_round': 500, 'subsample': 0.8, 'colsample_bytree': 0.7, 'objective': 'binary:logistic', 'eval_metric': 'logloss', 'early_stopping_rounds': 50}",2024,95
0.6548089591567853,0.22029942347240317,0.6307618203873976,0.7087765957446809,12,11,3034,759,0.7473684210526316,0.18083801374160668,0.5407054413109912,0.7997912939773405,285,"{'max_depth': 5, 'learning_rate': 0.2, 'num_boost_round': 500, 'subsample': 0.8, 'colsample_bytree': 0.8, 'objective': 'binary:logistic', 'eval_metric': 'logloss', 'early_stopping_rounds': 50}",2024,96
0.6693017127799736,0.21339925792823297,0.6166778308059127,0.7349009343690195,99,11,3034,759,0.7578947368421053,0.1973761696429751,0.5832504099582706,0.8086364539852912,285,"{'max_depth': 7, 'learning_rate': 0.01, 'num_boost_round': 100, 'subsample': 0.7, 'colsample_bytree': 0.7, 'objective': 'binary:logistic', 'eval_metric': 'logloss', 'early_stopping_rounds': 50}",2024,97
0.6772068511198946,0.21245621994899228,0.6146073652048085,0.7362799729821006,99,11,3034,759,0.7719298245614035,0.19516395320992858,0.5784932372045826,0.8117173524150267,285,"{'max_depth': 7, 'learning_rate': 0.01, 'num_boost_round': 100, 'subsample': 0.7, 'colsample_bytree': 0.8, 'objective': 'binary:logistic', 'eval_metric': 'logloss', 'early_stopping_rounds': 50}",2024,98
0.6693017127799736,0.21347762675133147,0.616845207033622,0.7347461443206125,99,11,3034,759,0.7649122807017544,0.19795361371804704,0.5845731269703655,0.8041641820711588,285,"{'max_depth': 7, 'learning_rate': 0.01, 'num_boost_round': 100, 'subsample': 0.8, 'colsample_bytree': 0.7, 'objective': 'binary:logistic', 'eval_metric': 'logloss', 'early_stopping_rounds': 50}",2024,99
0.6706192358366272,0.2128721371819245,0.6153373168475805,0.7331982438365416,99,11,3034,759,0.7649122807017544,0.19615477257962077,0.5805871803696485,0.8032200357781752,285,"{'max_depth': 7, 'learning_rate': 0.01, 'num_boost_round': 100, 'subsample': 0.8, 'colsample_bytree': 0.8, 'objective': 'binary:logistic', 'eval_metric': 'logloss', 'early_stopping_rounds': 50}",2024,100
0.6706192358366272,0.2046907387138069,0.5932681490339166,0.7372931442080378,294,11,3034,759,0.7649122807017544,0.17849238911725734,0.5368621036695558,0.810176903200159,285,"{'max_depth': 7, 'learning_rate': 0.01, 'num_boost_round': 300, 'subsample': 0.7, 'colsample_bytree': 0.7, 'objective': 'binary:logistic', 'eval_metric': 'logloss', 'early_stopping_rounds': 50}",2024,101
0.6758893280632411,0.2028475092951258,0.5887318230489924,0.7425700776764605,296,11,3034,759,0.775438596491228,0.1775085261488212,0.5340598027505418,0.8098787517392169,285,"{'max_depth': 7, 'learning_rate': 0.01, 'num_boost_round': 300, 'subsample': 0.7, 'colsample_bytree': 0.8, 'objective': 'binary:logistic', 'eval_metric': 'logloss', 'early_stopping_rounds': 50}",2024,102
0.6693017127799736,0.20463428713483445,0.593188645516122,0.7379615557807047,292,11,3034,759,0.7649122807017544,0.1811432759518347,0.5433805188480149,0.8020771218445637,285,"{'max_depth': 7, 'learning_rate': 0.01, 'num_boost_round': 300, 'subsample': 0.8, 'colsample_bytree': 0.7, 'objective': 'binary:logistic', 'eval_metric': 'logloss', 'early_stopping_rounds': 50}",2024,103
0.6627140974967062,0.20471326193059225,0.5926720126760173,0.7368147022402343,298,11,3034,759,0.7614035087719299,0.18066416947262967,0.542088241586432,0.800934207910952,285,"{'max_depth': 7, 'learning_rate': 0.01, 'num_boost_round': 300, 'subsample': 0.8, 'colsample_bytree': 0.8, 'objective': 'binary:logistic', 'eval_metric': 'logloss', 'early_stopping_rounds': 50}",2024,104
0.6640316205533597,0.20483645975393486,0.5931128627815135,0.7372861082967466,331,11,3034,759,0.7578947368421053,0.1786966051348182,0.5366283296896038,0.806251242297754,285,"{'max_depth': 7, 'learning_rate': 0.01, 'num_boost_round': 500, 'subsample': 0.7, 'colsample_bytree': 0.7, 'objective': 'binary:logistic', 'eval_metric': 'logloss', 'early_stopping_rounds': 50}",2024,105
0.6798418972332015,0.20338675610250653,0.5896305159290172,0.7411347517730497,303,11,3034,759,0.7684210526315789,0.17674075920173285,0.5316186725916539,0.8095806002782747,285,"{'max_depth': 7, 'learning_rate': 0.01, 'num_boost_round': 500, 'subsample': 0.7, 'colsample_bytree': 0.8, 'objective': 'binary:logistic', 'eval_metric': 'logloss', 'early_stopping_rounds': 50}",2024,106
0.6706192358366272,0.20489182299549244,0.593241883894064,0.7369554204660588,292,11,3034,759,0.7649122807017544,0.18086702817472308,0.5423833753812088,0.8012323593718943,285,"{'max_depth': 7, 'learning_rate': 0.01, 'num_boost_round': 500, 'subsample': 0.8, 'colsample_bytree': 0.7, 'objective': 'binary:logistic', 'eval_metric': 'logloss', 'early_stopping_rounds': 50}",2024,107
0.6653491436100132,0.20526732243258478,0.5933312392754002,0.7358789260385005,332,11,3034,759,0.7614035087719299,0.17972876820057532,0.5393603510795909,0.8007354402703241,285,"{'max_depth': 7, 'learning_rate': 0.01, 'num_boost_round': 500, 'subsample': 0.8, 'colsample_bytree': 0.8, 'objective': 'binary:logistic', 'eval_metric': 'logloss', 'early_stopping_rounds': 50}",2024,108
0.6640316205533597,0.20660557003948354,0.597108819953847,0.7353019813126196,61,11,3034,759,0.7649122807017544,0.1765858593429067,0.5293595331701724,0.804512025442258,285,"{'max_depth': 7, 'learning_rate': 0.05, 'num_boost_round': 100, 'subsample': 0.7, 'colsample_bytree': 0.7, 'objective': 'binary:logistic', 'eval_metric': 'logloss', 'early_stopping_rounds': 50}",2024,109
0.6640316205533597,0.2085933266113071,0.6020281197974174,0.7308201058201058,60,11,3034,759,0.7508771929824561,0.17914652289323568,0.5381702126012422,0.798747763864043,285,"{'max_depth': 7, 'learning_rate': 0.05, 'num_boost_round': 100, 'subsample': 0.7, 'colsample_bytree': 0.8, 'objective': 'binary:logistic', 'eval_metric': 'logloss', 'early_stopping_rounds': 50}",2024,110
0.6587615283267457,0.20850671160667278,0.6016752320354313,0.7301024428684003,61,11,3034,759,0.7403508771929824,0.1806114190809363,0.5404157292864042,0.7956668654343073,285,"{'max_depth': 7, 'learning_rate': 0.05, 'num_boost_round': 100, 'subsample': 0.8, 'colsample_bytree': 0.7, 'objective': 'binary:logistic', 'eval_metric': 'logloss', 'early_stopping_rounds': 50}",2024,111
0.6706192358366272,0.20760414264255442,0.5997374068974509,0.733240459304289,61,11,3034,759,0.7578947368421053,0.18300336205372641,0.5516859591255431,0.789306300934208,285,"{'max_depth': 7, 'learning_rate': 0.05, 'num_boost_round': 100, 'subsample': 0.8, 'colsample_bytree': 0.8, 'objective': 'binary:logistic', 'eval_metric': 'logloss', 'early_stopping_rounds': 50}",2024,112
0.6600790513833992,0.2078802490455571,0.6003144419868618,0.7329590228526399,61,11,3034,759,0.7614035087719299,0.17750052673761096,0.5324987224720427,0.8040647982508449,285,"{'max_depth': 7, 'learning_rate': 0.05, 'num_boost_round': 300, 'subsample': 0.7, 'colsample_bytree': 0.7, 'objective': 'binary:logistic', 'eval_metric': 'logloss', 'early_stopping_rounds': 50}",2024,113
0.6640316205533597,0.20933357465296829,0.6045231363056991,0.7303768434087582,60,11,3034,759,0.7508771929824561,0.1793052427052811,0.5393119856500144,0.7986483800437288,285,"{'max_depth': 7, 'learning_rate': 0.05, 'num_boost_round': 300, 'subsample': 0.7, 'colsample_bytree': 0.8, 'objective': 'binary:logistic', 'eval_metric': 'logloss', 'early_stopping_rounds': 50}",2024,114
0.6548089591567853,0.20914506812106287,0.6031983766807848,0.7293847799166947,61,11,3034,759,0.7508771929824561,0.18063188260140348,0.5408847395695499,0.7960147088054065,285,"{'max_depth': 7, 'learning_rate': 0.05, 'num_boost_round': 300, 'subsample': 0.8, 'colsample_bytree': 0.7, 'objective': 'binary:logistic', 'eval_metric': 'logloss', 'early_stopping_rounds': 50}",2024,115
0.6706192358366272,0.2081304150959498,0.6008446464403137,0.7325016886187099,61,11,3034,759,0.7473684210526316,0.1829916555595325,0.551987467827925,0.7896044523951501,285,"{'max_depth': 7, 'learning_rate': 0.05, 'num_boost_round': 300, 'subsample': 0.8, 'colsample_bytree': 0.8, 'objective': 'binary:logistic', 'eval_metric': 'logloss', 'early_stopping_rounds': 50}",2024,116
0.6600790513833992,0.2078802490455571,0.6003144419868618,0.7329590228526399,61,11,3034,759,0.7614035087719299,0.17750052673761096,0.5324987224720427,0.8040647982508449,285,"{'max_depth': 7, 'learning_rate': 0.05, 'num_boost_round': 500, 'subsample': 0.7, 'colsample_bytree': 0.7, 'objective': 'binary:logistic', 'eval_metric': 'logloss', 'early_stopping_rounds': 50}",2024,117
0.6640316205533597,0.20933357465296829,0.6045231363056991,0.7303768434087582,60,11,3034,759,0.7508771929824561,0.1793052427052811,0.5393119856500144,0.7986483800437288,285,"{'max_depth': 7, 'learning_rate': 0.05, 'num_boost_round': 500, 'subsample': 0.7, 'colsample_bytree': 0.8, 'objective': 'binary:logistic', 'eval_metric': 'logloss', 'early_stopping_rounds': 50}",2024,118
0.6548089591567853,0.20914506812106287,0.6031983766807848,0.7293847799166947,61,11,3034,759,0.7508771929824561,0.18063188260140348,0.5408847395695499,0.7960147088054065,285,"{'max_depth': 7, 'learning_rate': 0.05, 'num_boost_round': 500, 'subsample': 0.8, 'colsample_bytree': 0.7, 'objective': 'binary:logistic', 'eval_metric': 'logloss', 'early_stopping_rounds': 50}",2024,119
0.6706192358366272,0.2081304150959498,0.6008446464403137,0.7325016886187099,61,11,3034,759,0.7473684210526316,0.1829916555595325,0.551987467827925,0.7896044523951501,285,"{'max_depth': 7, 'learning_rate': 0.05, 'num_boost_round': 500, 'subsample': 0.8, 'colsample_bytree': 0.8, 'objective': 'binary:logistic', 'eval_metric': 'logloss', 'early_stopping_rounds': 50}",2024,120
0.6600790513833992,0.21171713727273597,0.61124741707208,0.7287656197230665,35,11,3034,759,0.7508771929824561,0.18167592768024451,0.5468627322184574,0.7962631683561915,285,"{'max_depth': 7, 'learning_rate': 0.1, 'num_boost_round': 100, 'subsample': 0.7, 'colsample_bytree': 0.7, 'objective': 'binary:logistic', 'eval_metric': 'logloss', 'early_stopping_rounds': 50}",2024,121
0.6719367588932806,0.21235037239194818,0.614513003920272,0.7296169649893054,47,11,3034,759,0.7473684210526316,0.18788725532206063,0.5704413246098954,0.7840886503677201,285,"{'max_depth': 7, 'learning_rate': 0.1, 'num_boost_round': 100, 'subsample': 0.7, 'colsample_bytree': 0.8, 'objective': 'binary:logistic', 'eval_metric': 'logloss', 'early_stopping_rounds': 50}",2024,122
0.6455862977602108,0.21036665355179507,0.6056292225521733,0.7294692108521894,20,11,3034,759,0.7543859649122807,0.18838600405565842,0.5635536563215752,0.7806599085668854,285,"{'max_depth': 7, 'learning_rate': 0.1, 'num_boost_round': 100, 'subsample': 0.8, 'colsample_bytree': 0.7, 'objective': 'binary:logistic', 'eval_metric': 'logloss', 'early_stopping_rounds': 50}",2024,123
0.6679841897233202,0.21444543667997595,0.6166591258921865,0.7217226725205449,34,11,3034,759,0.7192982456140351,0.18714159990884635,0.559824903308962,0.7877161598091831,285,"{'max_depth': 7, 'learning_rate': 0.1, 'num_boost_round': 100, 'subsample': 0.8, 'colsample_bytree': 0.8, 'objective': 'binary:logistic', 'eval_metric': 'logloss', 'early_stopping_rounds': 50}",2024,124
0.6600790513833992,0.21171713727273597,0.61124741707208,0.7287656197230665,35,11,3034,759,0.7508771929824561,0.18167592768024451,0.5468627322184574,0.7962631683561915,285,"{'max_depth': 7, 'learning_rate': 0.1, 'num_boost_round': 300, 'subsample': 0.7, 'colsample_bytree': 0.7, 'objective': 'binary:logistic', 'eval_metric': 'logloss', 'early_stopping_rounds': 50}",2024,125
0.6719367588932806,0.21235037239194818,0.614513003920272,0.7296169649893054,47,11,3034,759,0.7473684210526316,0.18788725532206063,0.5704413246098954,0.7840886503677201,285,"{'max_depth': 7, 'learning_rate': 0.1, 'num_boost_round': 300, 'subsample': 0.7, 'colsample_bytree': 0.8, 'objective': 'binary:logistic', 'eval_metric': 'logloss', 'early_stopping_rounds': 50}",2024,126
0.6455862977602108,0.21036665355179507,0.6056292225521733,0.7294692108521894,20,11,3034,759,0.7543859649122807,0.18838600405565842,0.5635536563215752,0.7806599085668854,285,"{'max_depth': 7, 'learning_rate': 0.1, 'num_boost_round': 300, 'subsample': 0.8, 'colsample_bytree': 0.7, 'objective': 'binary:logistic', 'eval_metric': 'logloss', 'early_stopping_rounds': 50}",2024,127
0.6679841897233202,0.21444543667997595,0.6166591258921865,0.7217226725205449,34,11,3034,759,0.7192982456140351,0.18714159990884635,0.559824903308962,0.7877161598091831,285,"{'max_depth': 7, 'learning_rate': 0.1, 'num_boost_round': 300, 'subsample': 0.8, 'colsample_bytree': 0.8, 'objective': 'binary:logistic', 'eval_metric': 'logloss', 'early_stopping_rounds': 50}",2024,128
0.6600790513833992,0.21171713727273597,0.61124741707208,0.7287656197230665,35,11,3034,759,0.7508771929824561,0.18167592768024451,0.5468627322184574,0.7962631683561915,285,"{'max_depth': 7, 'learning_rate': 0.1, 'num_boost_round': 500, 'subsample': 0.7, 'colsample_bytree': 0.7, 'objective': 'binary:logistic', 'eval_metric': 'logloss', 'early_stopping_rounds': 50}",2024,129
0.6719367588932806,0.21235037239194818,0.614513003920272,0.7296169649893054,47,11,3034,759,0.7473684210526316,0.18788725532206063,0.5704413246098954,0.7840886503677201,285,"{'max_depth': 7, 'learning_rate': 0.1, 'num_boost_round': 500, 'subsample': 0.7, 'colsample_bytree': 0.8, 'objective': 'binary:logistic', 'eval_metric': 'logloss', 'early_stopping_rounds': 50}",2024,130
0.6455862977602108,0.21036665355179507,0.6056292225521733,0.7294692108521894,20,11,3034,759,0.7543859649122807,0.18838600405565842,0.5635536563215752,0.7806599085668854,285,"{'max_depth': 7, 'learning_rate': 0.1, 'num_boost_round': 500, 'subsample': 0.8, 'colsample_bytree': 0.7, 'objective': 'binary:logistic', 'eval_metric': 'logloss', 'early_stopping_rounds': 50}",2024,131
0.6679841897233202,0.21444543667997595,0.6166591258921865,0.7217226725205449,34,11,3034,759,0.7192982456140351,0.18714159990884635,0.559824903308962,0.7877161598091831,285,"{'max_depth': 7, 'learning_rate': 0.1, 'num_boost_round': 500, 'subsample': 0.8, 'colsample_bytree': 0.8, 'objective': 'binary:logistic', 'eval_metric': 'logloss', 'early_stopping_rounds': 50}",2024,132
0.6706192358366272,0.22219387152440978,0.6483597465294081,0.716565349544073,9,11,3034,759,0.7052631578947368,0.19806353020359974,0.5891907664236864,0.7707712184456371,285,"{'max_depth': 7, 'learning_rate': 0.2, 'num_boost_round': 100, 'subsample': 0.7, 'colsample_bytree': 0.7, 'objective': 'binary:logistic', 'eval_metric': 'logloss', 'early_stopping_rounds': 50}",2024,133
0.6627140974967062,0.22186797421672622,0.6428433713201894,0.7145460430034898,8,11,3034,759,0.7017543859649122,0.20310735661340115,0.6122775864305868,0.7600874577618764,285,"{'max_depth': 7, 'learning_rate': 0.2, 'num_boost_round': 100, 'subsample': 0.7, 'colsample_bytree': 0.8, 'objective': 'binary:logistic', 'eval_metric': 'logloss', 'early_stopping_rounds': 50}",2024,134
0.6495388669301713,0.22306063206060012,0.6462107666035931,0.7115065293256784,11,11,3034,759,0.7228070175438597,0.19079224897607178,0.5674177389870477,0.7834923474458358,285,"{'max_depth': 7, 'learning_rate': 0.2, 'num_boost_round': 100, 'subsample': 0.8, 'colsample_bytree': 0.7, 'objective': 'binary:logistic', 'eval_metric': 'logloss', 'early_stopping_rounds': 50}",2024,135
0.6561264822134387,0.21951806776263472,0.6364331163137233,0.7248606889564337,12,11,3034,759,0.7157894736842105,0.19661823077753285,0.5945459897665708,0.7729079705823892,285,"{'max_depth': 7, 'learning_rate': 0.2, 'num_boost_round': 100, 'subsample': 0.8, 'colsample_bytree': 0.8, 'objective': 'binary:logistic', 'eval_metric': 'logloss', 'early_stopping_rounds': 50}",2024,136
0.6706192358366272,0.22219387152440978,0.6483597465294081,0.716565349544073,9,11,3034,759,0.7052631578947368,0.19806353020359974,0.5891907664236864,0.7707712184456371,285,"{'max_depth': 7, 'learning_rate': 0.2, 'num_boost_round': 300, 'subsample': 0.7, 'colsample_bytree': 0.7, 'objective': 'binary:logistic', 'eval_metric': 'logloss', 'early_stopping_rounds': 50}",2024,137
0.6627140974967062,0.22186797421672622,0.6428433713201894,0.7145460430034898,8,11,3034,759,0.7017543859649122,0.20310735661340115,0.6122775864305868,0.7600874577618764,285,"{'max_depth': 7, 'learning_rate': 0.2, 'num_boost_round': 300, 'subsample': 0.7, 'colsample_bytree': 0.8, 'objective': 'binary:logistic', 'eval_metric': 'logloss', 'early_stopping_rounds': 50}",2024,138
0.6495388669301713,0.22306063206060012,0.6462107666035931,0.7115065293256784,11,11,3034,759,0.7228070175438597,0.19079224897607178,0.5674177389870477,0.7834923474458358,285,"{'max_depth': 7, 'learning_rate': 0.2, 'num_boost_round': 300, 'subsample': 0.8, 'colsample_bytree': 0.7, 'objective': 'binary:logistic', 'eval_metric': 'logloss', 'early_stopping_rounds': 50}",2024,139
0.6561264822134387,0.21951806776263472,0.6364331163137233,0.7248606889564337,12,11,3034,759,0.7157894736842105,0.19661823077753285,0.5945459897665708,0.7729079705823892,285,"{'max_depth': 7, 'learning_rate': 0.2, 'num_boost_round': 300, 'subsample': 0.8, 'colsample_bytree': 0.8, 'objective': 'binary:logistic', 'eval_metric': 'logloss', 'early_stopping_rounds': 50}",2024,140
0.6706192358366272,0.22219387152440978,0.6483597465294081,0.716565349544073,9,11,3034,759,0.7052631578947368,0.19806353020359974,0.5891907664236864,0.7707712184456371,285,"{'max_depth': 7, 'learning_rate': 0.2, 'num_boost_round': 500, 'subsample': 0.7, 'colsample_bytree': 0.7, 'objective': 'binary:logistic', 'eval_metric': 'logloss', 'early_stopping_rounds': 50}",2024,141
0.6627140974967062,0.22186797421672622,0.6428433713201894,0.7145460430034898,8,11,3034,759,0.7017543859649122,0.20310735661340115,0.6122775864305868,0.7600874577618764,285,"{'max_depth': 7, 'learning_rate': 0.2, 'num_boost_round': 500, 'subsample': 0.7, 'colsample_bytree': 0.8, 'objective': 'binary:logistic', 'eval_metric': 'logloss', 'early_stopping_rounds': 50}",2024,142
0.6495388669301713,0.22306063206060012,0.6462107666035931,0.7115065293256784,11,11,3034,759,0.7228070175438597,0.19079224897607178,0.5674177389870477,0.7834923474458358,285,"{'max_depth': 7, 'learning_rate': 0.2, 'num_boost_round': 500, 'subsample': 0.8, 'colsample_bytree': 0.7, 'objective': 'binary:logistic', 'eval_metric': 'logloss', 'early_stopping_rounds': 50}",2024,143
0.6561264822134387,0.21951806776263472,0.6364331163137233,0.7248606889564337,12,11,3034,759,0.7157894736842105,0.19661823077753285,0.5945459897665708,0.7729079705823892,285,"{'max_depth': 7, 'learning_rate': 0.2, 'num_boost_round': 500, 'subsample': 0.8, 'colsample_bytree': 0.8, 'objective': 'binary:logistic', 'eval_metric': 'logloss', 'early_stopping_rounds': 50}",2024,144
0.6627140974967062,0.21490442534039886,0.6198045778114116,0.7277946639648767,99,11,3034,759,0.7403508771929824,0.19856669108072467,0.5857266604198142,0.8042138739813158,285,"{'max_depth': 10, 'learning_rate': 0.01, 'num_boost_round': 100, 'subsample': 0.7, 'colsample_bytree': 0.7, 'objective': 'binary:logistic', 'eval_metric': 'logloss', 'early_stopping_rounds': 50}",2024,145
0.6653491436100132,0.21303028265678892,0.6158451744324359,0.732719801868738,99,11,3034,759,0.7578947368421053,0.19635221130327582,0.5807890641187078,0.80247465712582,285,"{'max_depth': 10, 'learning_rate': 0.01, 'num_boost_round': 100, 'subsample': 0.7, 'colsample_bytree': 0.8, 'objective': 'binary:logistic', 'eval_metric': 'logloss', 'early_stopping_rounds': 50}",2024,146
0.6653491436100132,0.21387748055470837,0.6176450369241592,0.7324172576832151,99,11,3034,759,0.7368421052631579,0.19991357292578074,0.5885385204951511,0.7924368912741007,285,"{'max_depth': 10, 'learning_rate': 0.01, 'num_boost_round': 100, 'subsample': 0.8, 'colsample_bytree': 0.7, 'objective': 'binary:logistic', 'eval_metric': 'logloss', 'early_stopping_rounds': 50}",2024,147
0.6561264822134387,0.21403915945728272,0.6176895515709433,0.7271192164809186,99,11,3034,759,0.7543859649122807,0.19618329139476845,0.5806154830634425,0.8014808189226794,285,"{'max_depth': 10, 'learning_rate': 0.01, 'num_boost_round': 100, 'subsample': 0.8, 'colsample_bytree': 0.8, 'objective': 'binary:logistic', 'eval_metric': 'logloss', 'early_stopping_rounds': 50}",2024,148
0.6653491436100132,0.2063406631874263,0.5969049983630049,0.7323680063041764,292,11,3034,759,0.743859649122807,0.1815427443885265,0.5436527787879432,0.7971576227390181,285,"{'max_depth': 10, 'learning_rate': 0.01, 'num_boost_round': 300, 'subsample': 0.7, 'colsample_bytree': 0.7, 'objective': 'binary:logistic', 'eval_metric': 'logloss', 'early_stopping_rounds': 50}",2024,149
0.6613965744400527,0.20503089908921723,0.5937675627630377,0.7362729370708095,263,11,3034,759,0.7578947368421053,0.17949984910981015,0.5380976972964717,0.8013814351023654,285,"{'max_depth': 10, 'learning_rate': 0.01, 'num_boost_round': 300, 'subsample': 0.7, 'colsample_bytree': 0.8, 'objective': 'binary:logistic', 'eval_metric': 'logloss', 'early_stopping_rounds': 50}",2024,150
0.6640316205533597,0.2066004686152166,0.5976146035856462,0.7314463019250255,281,11,3034,759,0.7403508771929824,0.1846959224584349,0.5513677964964667,0.7907473663287616,285,"{'max_depth': 10, 'learning_rate': 0.01, 'num_boost_round': 300, 'subsample': 0.8, 'colsample_bytree': 0.7, 'objective': 'binary:logistic', 'eval_metric': 'logloss', 'early_stopping_rounds': 50}",2024,151
0.6587615283267457,0.20736935141511298,0.5982541240069241,0.7297084318360916,298,11,3034,759,0.7578947368421053,0.18068109726079026,0.5417629168030978,0.7967600874577618,285,"{'max_depth': 10, 'learning_rate': 0.01, 'num_boost_round': 300, 'subsample': 0.8, 'colsample_bytree': 0.8, 'objective': 'binary:logistic', 'eval_metric': 'logloss', 'early_stopping_rounds': 50}",2024,152
0.6627140974967062,0.20723717665678207,0.5986672395161128,0.7314955533040639,330,11,3034,759,0.743859649122807,0.18143768938863783,0.543486374965113,0.7961637845358776,285,"{'max_depth': 10, 'learning_rate': 0.01, 'num_boost_round': 500, 'subsample': 0.7, 'colsample_bytree': 0.7, 'objective': 'binary:logistic', 'eval_metric': 'logloss', 'early_stopping_rounds': 50}",2024,153
0.6640316205533597,0.20518599787063146,0.5939932054461567,0.7360900033772375,263,11,3034,759,0.7543859649122807,0.17941270496686265,0.5379053580786121,0.8009838998211092,285,"{'max_depth': 10, 'learning_rate': 0.01, 'num_boost_round': 500, 'subsample': 0.7, 'colsample_bytree': 0.8, 'objective': 'binary:logistic', 'eval_metric': 'logloss', 'early_stopping_rounds': 50}",2024,154
0.6574440052700923,0.20705300234935192,0.5983369532829441,0.7306090284813689,281,11,3034,759,0.7368421052631579,0.18421694614024395,0.5500930116396833,0.7906479825084476,285,"{'max_depth': 10, 'learning_rate': 0.01, 'num_boost_round': 500, 'subsample': 0.8, 'colsample_bytree': 0.7, 'objective': 'binary:logistic', 'eval_metric': 'logloss', 'early_stopping_rounds': 50}",2024,155
0.6508563899868248,0.20857338943438364,0.6005255317107205,0.7280690645052348,303,11,3034,759,0.7508771929824561,0.18013672696363525,0.5402634610766752,0.7986980719538859,285,"{'max_depth': 10, 'learning_rate': 0.01, 'num_boost_round': 500, 'subsample': 0.8, 'colsample_bytree': 0.8, 'objective': 'binary:logistic', 'eval_metric': 'logloss', 'early_stopping_rounds': 50}",2024,156
0.6600790513833992,0.21055152769024785,0.6068371117005759,0.7282379263762243,61,11,3034,759,0.743859649122807,0.1795761640683386,0.5402269717088306,0.795319022063208,285,"{'max_depth': 10, 'learning_rate': 0.05, 'num_boost_round': 100, 'subsample': 0.7, 'colsample_bytree': 0.7, 'objective': 'binary:logistic', 'eval_metric': 'logloss', 'early_stopping_rounds': 50}",2024,157
0.6574440052700923,0.21079392404278022,0.6079007086268636,0.7276469098277608,48,11,3034,759,0.7403508771929824,0.18066403568951742,0.5434904027876166,0.7949214867819518,285,"{'max_depth': 10, 'learning_rate': 0.05, 'num_boost_round': 100, 'subsample': 0.7, 'colsample_bytree': 0.8, 'objective': 'binary:logistic', 'eval_metric': 'logloss', 'early_stopping_rounds': 50}",2024,158
0.6600790513833992,0.21061891181497844,0.6069567476607042,0.7286249014972419,55,11,3034,759,0.7508771929824561,0.18144214724958221,0.5430500761548054,0.7962631683561917,285,"{'max_depth': 10, 'learning_rate': 0.05, 'num_boost_round': 100, 'subsample': 0.8, 'colsample_bytree': 0.7, 'objective': 'binary:logistic', 'eval_metric': 'logloss', 'early_stopping_rounds': 50}",2024,159
0.6693017127799736,0.21124769023105017,0.6089929652768193,0.7279283462794102,56,11,3034,759,0.7578947368421053,0.18205075132311427,0.5502271832753451,0.7933313456569271,285,"{'max_depth': 10, 'learning_rate': 0.05, 'num_boost_round': 100, 'subsample': 0.8, 'colsample_bytree': 0.8, 'objective': 'binary:logistic', 'eval_metric': 'logloss', 'early_stopping_rounds': 50}",2024,160
0.6600790513833992,0.21185950402555104,0.6104581204196721,0.7266337386018237,61,11,3034,759,0.7368421052631579,0.18031365582361356,0.5423342654423307,0.795070562512423,285,"{'max_depth': 10, 'learning_rate': 0.05, 'num_boost_round': 300, 'subsample': 0.7, 'colsample_bytree': 0.7, 'objective': 'binary:logistic', 'eval_metric': 'logloss', 'early_stopping_rounds': 50}",2024,161
0.6574440052700923,0.21079392404278022,0.6079007086268636,0.7276469098277608,48,11,3034,759,0.7403508771929824,0.18066403568951742,0.5434904027876166,0.7949214867819518,285,"{'max_depth': 10, 'learning_rate': 0.05, 'num_boost_round': 300, 'subsample': 0.7, 'colsample_bytree': 0.8, 'objective': 'binary:logistic', 'eval_metric': 'logloss', 'early_stopping_rounds': 50}",2024,162
0.6574440052700923,0.21094038521891373,0.6082385845850986,0.728631937408533,55,11,3034,759,0.7403508771929824,0.1818523612502049,0.5453171313737714,0.7965116279069768,285,"{'max_depth': 10, 'learning_rate': 0.05, 'num_boost_round': 300, 'subsample': 0.8, 'colsample_bytree': 0.7, 'objective': 'binary:logistic', 'eval_metric': 'logloss', 'early_stopping_rounds': 50}",2024,163
0.6627140974967062,0.2120366283430493,0.6112831135229441,0.7276258020938873,56,11,3034,759,0.7614035087719299,0.18225722339436318,0.551891396094828,0.7920393559928445,285,"{'max_depth': 10, 'learning_rate': 0.05, 'num_boost_round': 300, 'subsample': 0.8, 'colsample_bytree': 0.8, 'objective': 'binary:logistic', 'eval_metric': 'logloss', 'early_stopping_rounds': 50}",2024,164
0.6600790513833992,0.21185950402555104,0.6104581204196721,0.7266337386018237,61,11,3034,759,0.7368421052631579,0.18031365582361356,0.5423342654423307,0.795070562512423,285,"{'max_depth': 10, 'learning_rate': 0.05, 'num_boost_round': 500, 'subsample': 0.7, 'colsample_bytree': 0.7, 'objective': 'binary:logistic', 'eval_metric': 'logloss', 'early_stopping_rounds': 50}",2024,165
0.6574440052700923,0.21079392404278022,0.6079007086268636,0.7276469098277608,48,11,3034,759,0.7403508771929824,0.18066403568951742,0.5434904027876166,0.7949214867819518,285,"{'max_depth': 10, 'learning_rate': 0.05, 'num_boost_round': 500, 'subsample': 0.7, 'colsample_bytree': 0.8, 'objective': 'binary:logistic', 'eval_metric': 'logloss', 'early_stopping_rounds': 50}",2024,166
0.6574440052700923,0.21094038521891373,0.6082385845850986,0.728631937408533,55,11,3034,759,0.7403508771929824,0.1818523612502049,0.5453171313737714,0.7965116279069768,285,"{'max_depth': 10, 'learning_rate': 0.05, 'num_boost_round': 500, 'subsample': 0.8, 'colsample_bytree': 0.7, 'objective': 'binary:logistic', 'eval_metric': 'logloss', 'early_stopping_rounds': 50}",2024,167
0.6627140974967062,0.2120366283430493,0.6112831135229441,0.7276258020938873,56,11,3034,759,0.7614035087719299,0.18225722339436318,0.551891396094828,0.7920393559928445,285,"{'max_depth': 10, 'learning_rate': 0.05, 'num_boost_round': 500, 'subsample': 0.8, 'colsample_bytree': 0.8, 'objective': 'binary:logistic', 'eval_metric': 'logloss', 'early_stopping_rounds': 50}",2024,168
0.6574440052700923,0.21458519361899955,0.6188102709700345,0.7242767083192615,18,11,3034,759,0.7368421052631579,0.1851373397505008,0.5604764140743536,0.7891572252037368,285,"{'max_depth': 10, 'learning_rate': 0.1, 'num_boost_round': 100, 'subsample': 0.7, 'colsample_bytree': 0.7, 'objective': 'binary:logistic', 'eval_metric': 'logloss', 'early_stopping_rounds': 50}",2024,169
0.6613965744400527,0.21895882802052863,0.6347600865993945,0.7192108521895756,22,11,3034,759,0.7403508771929824,0.1816160790114248,0.5517923729144204,0.7965116279069768,285,"{'max_depth': 10, 'learning_rate': 0.1, 'num_boost_round': 100, 'subsample': 0.7, 'colsample_bytree': 0.8, 'objective': 'binary:logistic', 'eval_metric': 'logloss', 'early_stopping_rounds': 50}",2024,170
0.6627140974967062,0.2166732888501085,0.6246045848380719,0.7249451198919283,23,11,3034,759,0.7368421052631579,0.18333984918297605,0.5549657876079538,0.7949214867819518,285,"{'max_depth': 10, 'learning_rate': 0.1, 'num_boost_round': 100, 'subsample': 0.8, 'colsample_bytree': 0.7, 'objective': 'binary:logistic', 'eval_metric': 'logloss', 'early_stopping_rounds': 50}",2024,171
0.6455862977602108,0.22172705702837708,0.6392932216415773,0.7151089159067883,24,11,3034,759,0.7403508771929824,0.192621799209167,0.5862882001135835,0.7751937984496123,285,"{'max_depth': 10, 'learning_rate': 0.1, 'num_boost_round': 100, 'subsample': 0.8, 'colsample_bytree': 0.8, 'objective': 'binary:logistic', 'eval_metric': 'logloss', 'early_stopping_rounds': 50}",2024,172
0.6574440052700923,0.21458519361899955,0.6188102709700345,0.7242767083192615,18,11,3034,759,0.7368421052631579,0.1851373397505008,0.5604764140743536,0.7891572252037368,285,"{'max_depth': 10, 'learning_rate': 0.1, 'num_boost_round': 300, 'subsample': 0.7, 'colsample_bytree': 0.7, 'objective': 'binary:logistic', 'eval_metric': 'logloss', 'early_stopping_rounds': 50}",2024,173
0.6613965744400527,0.21895882802052863,0.6347600865993945,0.7192108521895756,22,11,3034,759,0.7403508771929824,0.1816160790114248,0.5517923729144204,0.7965116279069768,285,"{'max_depth': 10, 'learning_rate': 0.1, 'num_boost_round': 300, 'subsample': 0.7, 'colsample_bytree': 0.8, 'objective': 'binary:logistic', 'eval_metric': 'logloss', 'early_stopping_rounds': 50}",2024,174
0.6627140974967062,0.2166732888501085,0.6246045848380719,0.7249451198919283,23,11,3034,759,0.7368421052631579,0.18333984918297605,0.5549657876079538,0.7949214867819518,285,"{'max_depth': 10, 'learning_rate': 0.1, 'num_boost_round': 300, 'subsample': 0.8, 'colsample_bytree': 0.7, 'objective': 'binary:logistic', 'eval_metric': 'logloss', 'early_stopping_rounds': 50}",2024,175
0.6455862977602108,0.22172705702837708,0.6392932216415773,0.7151089159067883,24,11,3034,759,0.7403508771929824,0.192621799209167,0.5862882001135835,0.7751937984496123,285,"{'max_depth': 10, 'learning_rate': 0.1, 'num_boost_round': 300, 'subsample': 0.8, 'colsample_bytree': 0.8, 'objective': 'binary:logistic', 'eval_metric': 'logloss', 'early_stopping_rounds': 50}",2024,176
0.6574440052700923,0.21458519361899955,0.6188102709700345,0.7242767083192615,18,11,3034,759,0.7368421052631579,0.1851373397505008,0.5604764140743536,0.7891572252037368,285,"{'max_depth': 10, 'learning_rate': 0.1, 'num_boost_round': 500, 'subsample': 0.7, 'colsample_bytree': 0.7, 'objective': 'binary:logistic', 'eval_metric': 'logloss', 'early_stopping_rounds': 50}",2024,177
0.6613965744400527,0.21895882802052863,0.6347600865993945,0.7192108521895756,22,11,3034,759,0.7403508771929824,0.1816160790114248,0.5517923729144204,0.7965116279069768,285,"{'max_depth': 10, 'learning_rate': 0.1, 'num_boost_round': 500, 'subsample': 0.7, 'colsample_bytree': 0.8, 'objective': 'binary:logistic', 'eval_metric': 'logloss', 'early_stopping_rounds': 50}",2024,178
0.6627140974967062,0.2166732888501085,0.6246045848380719,0.7249451198919283,23,11,3034,759,0.7368421052631579,0.18333984918297605,0.5549657876079538,0.7949214867819518,285,"{'max_depth': 10, 'learning_rate': 0.1, 'num_boost_round': 500, 'subsample': 0.8, 'colsample_bytree': 0.7, 'objective': 'binary:logistic', 'eval_metric': 'logloss', 'early_stopping_rounds': 50}",2024,179
0.6455862977602108,0.22172705702837708,0.6392932216415773,0.7151089159067883,24,11,3034,759,0.7403508771929824,0.192621799209167,0.5862882001135835,0.7751937984496123,285,"{'max_depth': 10, 'learning_rate': 0.1, 'num_boost_round': 500, 'subsample': 0.8, 'colsample_bytree': 0.8, 'objective': 'binary:logistic', 'eval_metric': 'logloss', 'early_stopping_rounds': 50}",2024,180
0.6613965744400527,0.22765271285972616,0.6672606267432235,0.7145882584712371,7,11,3034,759,0.7157894736842105,0.19558334121213478,0.6026816443572246,0.7755913337308687,285,"{'max_depth': 10, 'learning_rate': 0.2, 'num_boost_round': 100, 'subsample': 0.7, 'colsample_bytree': 0.7, 'objective': 'binary:logistic', 'eval_metric': 'logloss', 'early_stopping_rounds': 50}",2024,181
0.6627140974967062,0.23050692987310178,0.6782259134879355,0.7113939547450185,8,11,3034,759,0.7333333333333333,0.1956802052769967,0.5980040632446858,0.7777777777777778,285,"{'max_depth': 10, 'learning_rate': 0.2, 'num_boost_round': 100, 'subsample': 0.7, 'colsample_bytree': 0.8, 'objective': 'binary:logistic', 'eval_metric': 'logloss', 'early_stopping_rounds': 50}",2024,182
0.6600790513833992,0.22542992605415904,0.6554011674119824,0.7201747720364742,8,11,3034,759,0.7087719298245614,0.20144190131604045,0.6160449049920201,0.7703239912542239,285,"{'max_depth': 10, 'learning_rate': 0.2, 'num_boost_round': 100, 'subsample': 0.8, 'colsample_bytree': 0.7, 'objective': 'binary:logistic', 'eval_metric': 'logloss', 'early_stopping_rounds': 50}",2024,183
0.6429512516469038,0.22901547751143153,0.6658039948345023,0.7183665428346279,11,11,3034,759,0.7192982456140351,0.20655554900173687,0.6463148172401609,0.7586960842774797,285,"{'max_depth': 10, 'learning_rate': 0.2, 'num_boost_round': 100, 'subsample': 0.8, 'colsample_bytree': 0.8, 'objective': 'binary:logistic', 'eval_metric': 'logloss', 'early_stopping_rounds': 50}",2024,184
0.6613965744400527,0.22765271285972616,0.6672606267432235,0.7145882584712371,7,11,3034,759,0.7157894736842105,0.19558334121213478,0.6026816443572246,0.7755913337308687,285,"{'max_depth': 10, 'learning_rate': 0.2, 'num_boost_round': 300, 'subsample': 0.7, 'colsample_bytree': 0.7, 'objective': 'binary:logistic', 'eval_metric': 'logloss', 'early_stopping_rounds': 50}",2024,185
0.6627140974967062,0.23050692987310178,0.6782259134879355,0.7113939547450185,8,11,3034,759,0.7333333333333333,0.1956802052769967,0.5980040632446858,0.7777777777777778,285,"{'max_depth': 10, 'learning_rate': 0.2, 'num_boost_round': 300, 'subsample': 0.7, 'colsample_bytree': 0.8, 'objective': 'binary:logistic', 'eval_metric': 'logloss', 'early_stopping_rounds': 50}",2024,186
0.6600790513833992,0.22542992605415904,0.6554011674119824,0.7201747720364742,8,11,3034,759,0.7087719298245614,0.20144190131604045,0.6160449049920201,0.7703239912542239,285,"{'max_depth': 10, 'learning_rate': 0.2, 'num_boost_round': 300, 'subsample': 0.8, 'colsample_bytree': 0.7, 'objective': 'binary:logistic', 'eval_metric': 'logloss', 'early_stopping_rounds': 50}",2024,187
0.6429512516469038,0.22901547751143153,0.6658039948345023,0.7183665428346279,11,11,3034,759,0.7192982456140351,0.20655554900173687,0.6463148172401609,0.7586960842774797,285,"{'max_depth': 10, 'learning_rate': 0.2, 'num_boost_round': 300, 'subsample': 0.8, 'colsample_bytree': 0.8, 'objective': 'binary:logistic', 'eval_metric': 'logloss', 'early_stopping_rounds': 50}",2024,188
0.6613965744400527,0.22765271285972616,0.6672606267432235,0.7145882584712371,7,11,3034,759,0.7157894736842105,0.19558334121213478,0.6026816443572246,0.7755913337308687,285,"{'max_depth': 10, 'learning_rate': 0.2, 'num_boost_round': 500, 'subsample': 0.7, 'colsample_bytree': 0.7, 'objective': 'binary:logistic', 'eval_metric': 'logloss', 'early_stopping_rounds': 50}",2024,189
0.6627140974967062,0.23050692987310178,0.6782259134879355,0.7113939547450185,8,11,3034,759,0.7333333333333333,0.1956802052769967,0.5980040632446858,0.7777777777777778,285,"{'max_depth': 10, 'learning_rate': 0.2, 'num_boost_round': 500, 'subsample': 0.7, 'colsample_bytree': 0.8, 'objective': 'binary:logistic', 'eval_metric': 'logloss', 'early_stopping_rounds': 50}",2024,190
0.6600790513833992,0.22542992605415904,0.6554011674119824,0.7201747720364742,8,11,3034,759,0.7087719298245614,0.20144190131604045,0.6160449049920201,0.7703239912542239,285,"{'max_depth': 10, 'learning_rate': 0.2, 'num_boost_round': 500, 'subsample': 0.8, 'colsample_bytree': 0.7, 'objective': 'binary:logistic', 'eval_metric': 'logloss', 'early_stopping_rounds': 50}",2024,191
0.6429512516469038,0.22901547751143153,0.6658039948345023,0.7183665428346279,11,11,3034,759,0.7192982456140351,0.20655554900173687,0.6463148172401609,0.7586960842774797,285,"{'max_depth': 10, 'learning_rate': 0.2, 'num_boost_round': 500, 'subsample': 0.8, 'colsample_bytree': 0.8, 'objective': 'binary:logistic', 'eval_metric': 'logloss', 'early_stopping_rounds': 50}",2024,192
